Category,Distribution,Algorithm,N,Time (ms),Comparisons,Moves,Cache Misses,Branch Misses
i64,Random,Timsort,1000,0.0187,10461,0,19,1161
i64,Random,PDQsort,1000,0.0115,10278,0,76,12172
i64,Random,Mergesort,1000,0.0182,10461,0,114,18021
i64,Random,Heapsort,1000,0.0481,10981,1000,249,30227
i64,Random,Introsort,1000,0.0331,12868,0,787,48976
i64,Random,Spreadsort / Radix Hybrid,1000,0.0118,0,0,894,83118
i64,Random,IPS4o,1000,0.0244,11115,0,1002,90012
i64,Random,Fluxsort,1000,0.0238,10462,0,1309,111392
i64,Random,RadixLSD,1000,0.0115,0,0,1591,121643
i64,Random,RDST_Serial,1000,0.0204,0,0,1836,121875
i64,Random,RDST_Parallel,1000,0.0205,0,0,1999,122142
i64,Random,Voracious_MT,1000,0.0246,0,0,2054,124585
i64,Random,GPURadix,1000,0.0122,0,0,2092,144875
i64,Random,ARS Gen 5: Optimized Apex (MAIN),1000,0.0111,10278,0,2181,150185
i64,Random,ARS Gen 5: Optimized Apex (Stable),1000,0.0182,10461,0,2382,155993
i64,Random,ARS Gen 6: Aero Architecture,1000,0.0112,10278,0,3060,166877
i64,Random,ARS Gen 6: Aero (Stable),1000,0.0176,10461,0,3113,172697
i64,Random,Timsort,10000,0.2032,140049,0,5701,194411
i64,Random,PDQsort,10000,0.1292,137164,0,13579,303379
i64,Random,Mergesort,10000,0.1986,140049,0,19994,361562
i64,Random,Heapsort,10000,0.6800,142800,10000,26865,480561
i64,Random,Introsort,10000,0.4466,154370,0,41774,670840
i64,Random,Spreadsort / Radix Hybrid,10000,0.1390,0,0,47031,1146645
i64,Random,IPS4o,10000,0.1194,146781,0,48267,1210277
i64,Random,Fluxsort,10000,0.1965,140437,0,55447,1221663
i64,Random,RadixLSD,10000,0.1336,0,0,55572,1300080
i64,Random,RDST_Serial,10000,0.1965,0,0,55646,1300758
i64,Random,RDST_Parallel,10000,0.2041,0,0,58024,1301428
i64,Random,Voracious_MT,10000,0.1361,0,0,58842,1302328
i64,Random,GPURadix,10000,0.1327,0,0,59799,1310013
i64,Random,ARS Gen 5: Optimized Apex (MAIN),10000,0.1297,51791,0,60272,1354226
i64,Random,ARS Gen 5: Optimized Apex (Stable),10000,0.1388,57461,0,62812,1356117
i64,Random,ARS Gen 6: Aero Architecture,10000,0.2183,59040,0,65579,1359264
i64,Random,ARS Gen 6: Aero (Stable),10000,0.2317,61879,0,65771,1372052
i64,Random,Timsort,100000,2.4035,1747790,0,122075,1490398
i64,Random,PDQsort,100000,1.5752,1711866,0,378924,2479806
i64,Random,Mergesort,100000,2.3352,1747790,0,585359,3026112
i64,Random,Heapsort,100000,15.6041,1762004,100000,816110,4131392
i64,Random,Introsort,100000,5.7759,1952409,0,1466802,6200139
i64,Random,Spreadsort / Radix Hybrid,100000,2.1633,0,0,1668669,12180683
i64,Random,IPS4o,100000,0.8636,1820176,0,1732782,12271103
i64,Random,Fluxsort,100000,2.8858,1747773,0,1937628,12368861
i64,Random,RadixLSD,100000,1.6726,0,0,2200921,13069791
i64,Random,RDST_Serial,100000,2.4380,0,0,2305910,13070725
i64,Random,RDST_Parallel,100000,2.3638,0,0,2509098,13072050
i64,Random,Voracious_MT,100000,0.8374,0,0,2577333,13075384
i64,Random,GPURadix,100000,1.8784,0,0,2620583,13143098
i64,Random,ARS Gen 5: Optimized Apex (MAIN),100000,0.6019,880211,0,2688739,13579515
i64,Random,ARS Gen 5: Optimized Apex (Stable),100000,0.8698,919289,0,2708986,13582402
i64,Random,ARS Gen 6: Aero Architecture,100000,0.7232,940504,0,2731472,13586617
i64,Random,ARS Gen 6: Aero (Stable),100000,0.9099,979980,0,2761101,13601247
i64,Random,Timsort,1000000,31.4641,20813402,0,4210782,14651824
i64,Random,PDQsort,1000000,20.9854,20431786,0,17064841,24458489
i64,Random,Mergesort,1000000,32.2185,20813402,0,22656697,29824573
i64,Random,Heapsort,1000000,453.5218,20925598,1000000,61923015,40749219
i64,Random,Introsort,1000000,69.3000,23880277,0,285334884,63098223
i64,Random,Spreadsort / Radix Hybrid,1000000,13.7078,0,0,291353936,136060849
i64,Random,IPS4o,1000000,9.4629,21866548,0,296995161,136324189
i64,Random,Fluxsort,1000000,35.5515,20805699,0,299673766,137239918
i64,Random,RadixLSD,1000000,20.4547,0,0,312439512,144096179
i64,Random,RDST_Serial,1000000,25.6872,0,0,341039277,144109853
i64,Random,RDST_Parallel,1000000,10.1357,0,0,346579456,144223121
i64,Random,Voracious_MT,1000000,9.1721,0,0,346777268,144243520
i64,Random,GPURadix,1000000,22.7282,0,0,348271851,144415961
i64,Random,ARS Gen 5: Optimized Apex (MAIN),1000000,8.3502,10221288,0,354006748,144488286
i64,Random,ARS Gen 5: Optimized Apex (Stable),1000000,9.4716,10632074,0,354045989,144491818
i64,Random,ARS Gen 6: Aero Architecture,1000000,7.4335,12900070,0,354194395,144496281
i64,Random,ARS Gen 6: Aero (Stable),1000000,8.9929,13327802,0,355203134,144511589
i64,Gaussian,Timsort,1000,0.0191,10744,0,356125161,144526613
i64,Gaussian,PDQsort,1000,0.0121,10170,0,356125197,144537497
i64,Gaussian,Mergesort,1000,0.0190,10744,0,356125202,144543662
i64,Gaussian,Heapsort,1000,0.0518,10872,1000,356125323,144555458
i64,Gaussian,Introsort,1000,0.0358,12398,0,356126083,144574116
i64,Gaussian,Spreadsort / Radix Hybrid,1000,0.0130,0,0,356126601,144608683
i64,Gaussian,IPS4o,1000,0.0364,10996,0,356126753,144615728
i64,Gaussian,Fluxsort,1000,0.0260,10559,0,356126884,144637003
i64,Gaussian,RadixLSD,1000,0.0234,0,0,356127243,144647334
i64,Gaussian,RDST_Serial,1000,0.0253,0,0,356127698,144647576
i64,Gaussian,RDST_Parallel,1000,0.0255,0,0,356128622,144647834
i64,Gaussian,Voracious_MT,1000,0.0263,0,0,356130042,144650357
i64,Gaussian,GPURadix,1000,0.0129,0,0,356130253,144670977
i64,Gaussian,ARS Gen 5: Optimized Apex (MAIN),1000,0.0120,10170,0,356130481,144676306
i64,Gaussian,ARS Gen 5: Optimized Apex (Stable),1000,0.0192,10744,0,356130875,144682451
i64,Gaussian,ARS Gen 6: Aero Architecture,1000,0.0120,10170,0,356131237,144693146
i64,Gaussian,ARS Gen 6: Aero (Stable),1000,0.0192,10744,0,356131312,144699280
i64,Gaussian,Timsort,10000,0.2237,139876,0,356131417,144721093
i64,Gaussian,PDQsort,10000,0.1478,136139,0,356138142,144828957
i64,Gaussian,Mergesort,10000,0.2260,139876,0,356141568,144887152
i64,Gaussian,Heapsort,10000,0.7261,142652,10000,356152723,145005784
i64,Gaussian,Introsort,10000,0.4857,148889,0,356160303,145195853
i64,Gaussian,Spreadsort / Radix Hybrid,10000,0.2040,0,0,356163492,145665872
i64,Gaussian,IPS4o,10000,0.1610,140855,0,356168229,145672175
i64,Gaussian,Fluxsort,10000,0.2529,140312,0,356171627,145683874
i64,Gaussian,RadixLSD,10000,0.2160,0,0,356185944,145763466
i64,Gaussian,RDST_Serial,10000,0.2250,0,0,356186114,145764188
i64,Gaussian,RDST_Parallel,10000,0.2177,0,0,356186220,145764930
i64,Gaussian,Voracious_MT,10000,0.1371,0,0,356186272,145765902
i64,Gaussian,GPURadix,10000,0.1445,0,0,356186309,145773353
i64,Gaussian,ARS Gen 5: Optimized Apex (MAIN),10000,0.1392,60542,0,356187202,145817924
i64,Gaussian,ARS Gen 5: Optimized Apex (Stable),10000,0.1513,63486,0,356188183,145820291
i64,Gaussian,ARS Gen 6: Aero Architecture,10000,0.2403,58665,0,356194864,145823632
i64,Gaussian,ARS Gen 6: Aero (Stable),10000,0.2645,61190,0,356199030,145833840
i64,Gaussian,Timsort,100000,1.7172,1451201,0,356230394,145888806
i64,Gaussian,PDQsort,100000,1.3184,1453901,0,356441003,146320170
i64,Gaussian,Mergesort,100000,1.7730,1451201,0,356592937,146549252
i64,Gaussian,Heapsort,100000,14.5008,1762979,100000,356850411,147104293
i64,Gaussian,Introsort,100000,5.3686,1370954,0,357451563,148927626
i64,Gaussian,Spreadsort / Radix Hybrid,100000,1.5284,0,0,357683914,153897376
i64,Gaussian,IPS4o,100000,0.5540,1475655,0,357784468,153913228
i64,Gaussian,Fluxsort,100000,2.7135,1710758,0,357970432,153987189
i64,Gaussian,RadixLSD,100000,2.3873,0,0,358247820,154475415
i64,Gaussian,RDST_Serial,100000,2.5648,0,0,358435451,154476539
i64,Gaussian,RDST_Parallel,100000,2.5579,0,0,358560701,154477986
i64,Gaussian,Voracious_MT,100000,0.6221,0,0,358734716,154481470
i64,Gaussian,GPURadix,100000,1.4502,0,0,358786773,154519929
i64,Gaussian,ARS Gen 5: Optimized Apex (MAIN),100000,0.5018,739055,0,358824291,154695979
i64,Gaussian,ARS Gen 5: Optimized Apex (Stable),100000,0.6923,744560,0,358841466,154699143
i64,Gaussian,ARS Gen 6: Aero Architecture,100000,0.6940,709482,0,358859395,154703429
i64,Gaussian,ARS Gen 6: Aero (Stable),100000,0.7591,716484,0,358890933,154714463
i64,Gaussian,Timsort,1000000,17.2548,14671233,0,360417278,154804508
i64,Gaussian,PDQsort,1000000,11.8282,13523105,0,372483560,155554951
i64,Gaussian,Mergesort,1000000,16.8762,14671233,0,377136152,155889695
i64,Gaussian,Heapsort,1000000,416.3159,20925664,1000000,413341085,158027117
i64,Gaussian,Introsort,1000000,52.2118,13433970,0,644173215,176160278
i64,Gaussian,Spreadsort / Radix Hybrid,1000000,15.9200,0,0,650895443,223053422
i64,Gaussian,IPS4o,1000000,5.0233,13994799,0,661886578,223090781
i64,Gaussian,Fluxsort,1000000,23.1825,16120094,0,664458294,223564677
i64,Gaussian,RadixLSD,1000000,23.6018,0,0,676363961,226377403
i64,Gaussian,RDST_Serial,1000000,13.7804,0,0,704234751,226380442
i64,Gaussian,RDST_Parallel,1000000,9.8883,0,0,717410788,226397857
i64,Gaussian,Voracious_MT,1000000,5.0874,0,0,717650672,226432300
i64,Gaussian,GPURadix,1000000,22.8565,0,0,719609679,226604787
i64,Gaussian,ARS Gen 5: Optimized Apex (MAIN),1000000,6.5260,4743391,0,726137839,226677955
i64,Gaussian,ARS Gen 5: Optimized Apex (Stable),1000000,6.7145,4770125,0,726176385,226681148
i64,Gaussian,ARS Gen 6: Aero Architecture,1000000,5.4079,6242463,0,726314441,226685213
i64,Gaussian,ARS Gen 6: Aero (Stable),1000000,5.5515,6259674,0,727308342,226696500
i64,NearlySorted,Timsort,1000,0.0169,9931,0,728185633,226707184
i64,NearlySorted,PDQsort,1000,0.0124,9853,0,728185719,226715261
i64,NearlySorted,Mergesort,1000,0.0166,9931,0,728185719,226720617
i64,NearlySorted,Heapsort,1000,0.0444,13303,1000,728185900,226729240
i64,NearlySorted,Introsort,1000,0.0176,9354,0,728186605,226739183
i64,NearlySorted,Spreadsort / Radix Hybrid,1000,0.0128,0,0,728186700,226754501
i64,NearlySorted,IPS4o,1000,0.0175,8267,0,728186770,226760169
i64,NearlySorted,Fluxsort,1000,0.0265,10235,0,728186972,226773335
i64,NearlySorted,RadixLSD,1000,0.0072,0,0,728187412,226782146
i64,NearlySorted,RDST_Serial,1000,0.0235,0,0,728187549,226782264
i64,NearlySorted,RDST_Parallel,1000,0.0888,0,0,728188132,226782602
i64,NearlySorted,Voracious_MT,1000,0.0179,0,0,728188165,226784138
i64,NearlySorted,GPURadix,1000,0.0136,0,0,728188298,226796318
i64,NearlySorted,ARS Gen 5: Optimized Apex (MAIN),1000,0.0117,9853,0,728188387,226801165
i64,NearlySorted,ARS Gen 5: Optimized Apex (Stable),1000,0.0160,9931,0,728188563,226806419
i64,NearlySorted,ARS Gen 6: Aero Architecture,1000,0.0120,9853,0,728188773,226814688
i64,NearlySorted,ARS Gen 6: Aero (Stable),1000,0.0160,9931,0,728189292,226819937
i64,NearlySorted,Timsort,10000,0.1772,134179,0,728190339,226836008
i64,NearlySorted,PDQsort,10000,0.1396,133965,0,728195439,226915180
i64,NearlySorted,Mergesort,10000,0.1880,134179,0,728198503,226967116
i64,NearlySorted,Heapsort,10000,0.5633,166509,10000,728203912,227048740
i64,NearlySorted,Introsort,10000,0.2428,130582,0,728207379,227139026
i64,NearlySorted,Spreadsort / Radix Hybrid,10000,0.1347,0,0,728218212,227338531
i64,NearlySorted,IPS4o,10000,0.1101,119265,0,728219279,227341358
i64,NearlySorted,Fluxsort,10000,0.2199,137693,0,728225762,227351638
i64,NearlySorted,RadixLSD,10000,0.1223,0,0,728235758,227423033
i64,NearlySorted,RDST_Serial,10000,0.1874,0,0,728236073,227423387
i64,NearlySorted,RDST_Parallel,10000,0.2840,0,0,728236326,227424271
i64,NearlySorted,Voracious_MT,10000,0.0944,0,0,728236475,227425464
i64,NearlySorted,GPURadix,10000,0.1384,0,0,728236539,227432344
i64,NearlySorted,ARS Gen 5: Optimized Apex (MAIN),10000,0.1313,45285,0,728236591,227473004
i64,NearlySorted,ARS Gen 5: Optimized Apex (Stable),10000,0.1332,36536,0,728240275,227475317
i64,NearlySorted,ARS Gen 6: Aero Architecture,10000,0.2305,52387,0,728240566,227478322
i64,NearlySorted,ARS Gen 6: Aero (Stable),10000,0.2471,47393,0,728249914,227492350
i64,NearlySorted,Timsort,100000,2.1554,1659381,0,728272068,227575670
i64,NearlySorted,PDQsort,100000,1.6519,1713231,0,728553483,228260750
i64,NearlySorted,Mergesort,100000,2.1458,1659381,0,728705121,228741879
i64,NearlySorted,Heapsort,100000,8.5793,2001807,100000,729019951,229448483
i64,NearlySorted,Introsort,100000,2.8573,1672339,0,729539538,230336056
i64,NearlySorted,Spreadsort / Radix Hybrid,100000,1.8436,0,0,729815594,232735588
i64,NearlySorted,IPS4o,100000,0.5763,1541993,0,729928863,232743985
i64,NearlySorted,Fluxsort,100000,2.7990,1694128,0,730126248,232829200
i64,NearlySorted,RadixLSD,100000,1.7913,0,0,730454664,233429095
i64,NearlySorted,RDST_Serial,100000,2.4197,0,0,730586292,233429706
i64,NearlySorted,RDST_Parallel,100000,2.1593,0,0,730659667,233431312
i64,NearlySorted,Voracious_MT,100000,0.6468,0,0,730667409,233434350
i64,NearlySorted,GPURadix,100000,1.8345,0,0,730712730,233497834
i64,NearlySorted,ARS Gen 5: Optimized Apex (MAIN),100000,0.5681,826144,0,730746184,233900849
i64,NearlySorted,ARS Gen 5: Optimized Apex (Stable),100000,0.5641,410347,0,730765803,233904457
i64,NearlySorted,ARS Gen 6: Aero Architecture,100000,0.5993,906643,0,730785923,233908249
i64,NearlySorted,ARS Gen 6: Aero (Stable),100000,0.5681,447706,0,730823944,233918030
i64,NearlySorted,Timsort,1000000,29.3783,19766931,0,732172043,234608190
i64,NearlySorted,PDQsort,1000000,21.9937,20798688,0,745627549,241119635
i64,NearlySorted,Mergesort,1000000,28.7951,19766931,0,751618699,245805732
i64,NearlySorted,Heapsort,1000000,152.4906,23326601,1000000,770277050,252545562
i64,NearlySorted,Introsort,1000000,35.2345,20312191,0,826571004,261707083
i64,NearlySorted,Spreadsort / Radix Hybrid,1000000,22.1810,0,0,833427973,290157910
i64,NearlySorted,IPS4o,1000000,6.4792,18443534,0,847807220,290183024
i64,NearlySorted,Fluxsort,1000000,34.0328,20270526,0,850548608,290869243
i64,NearlySorted,RadixLSD,1000000,24.0915,0,0,861553527,295519286
i64,NearlySorted,RDST_Serial,1000000,27.2304,0,0,874301248,295521415
i64,NearlySorted,RDST_Parallel,1000000,8.5089,0,0,883420116,295532351
i64,NearlySorted,Voracious_MT,1000000,6.5331,0,0,883499397,295551250
i64,NearlySorted,GPURadix,1000000,22.4438,0,0,884870944,295715011
i64,NearlySorted,ARS Gen 5: Optimized Apex (MAIN),1000000,8.3487,9735710,0,890701729,295788470
i64,NearlySorted,ARS Gen 5: Optimized Apex (Stable),1000000,7.2747,4134617,0,890738321,295791839
i64,NearlySorted,ARS Gen 6: Aero Architecture,1000000,7.0955,12556779,0,890904245,295796263
i64,NearlySorted,ARS Gen 6: Aero (Stable),1000000,6.0395,5678818,0,891984702,295810963
i64,Duplicates,Timsort,1000,0.0045,3785,0,892873550,295824234
i64,Duplicates,PDQsort,1000,0.0032,3782,0,892873617,295825220
i64,Duplicates,Mergesort,1000,0.0045,3785,0,892873629,295825589
i64,Duplicates,Heapsort,1000,0.0385,10297,1000,892873798,295827603
i64,Duplicates,Introsort,1000,0.0135,2270,0,892874027,295837394
i64,Duplicates,Spreadsort / Radix Hybrid,1000,0.0036,0,0,892874043,295846488
i64,Duplicates,IPS4o,1000,0.0039,3719,0,892874051,295846869
i64,Duplicates,Fluxsort,1000,0.0124,4012,0,892874085,295850493
i64,Duplicates,RadixLSD,1000,0.0065,0,0,892874148,295855564
i64,Duplicates,RDST_Serial,1000,0.0219,0,0,892874284,295855654
i64,Duplicates,RDST_Parallel,1000,0.0744,0,0,892874567,295855940
i64,Duplicates,Voracious_MT,1000,0.0039,0,0,892874623,295856247
i64,Duplicates,GPURadix,1000,0.0038,0,0,892874666,295859239
i64,Duplicates,ARS Gen 5: Optimized Apex (MAIN),1000,0.0034,3782,0,892874694,295859532
i64,Duplicates,ARS Gen 5: Optimized Apex (Stable),1000,0.0047,3785,0,892874712,295859904
i64,Duplicates,ARS Gen 6: Aero Architecture,1000,0.0036,3782,0,892874951,295860854
i64,Duplicates,ARS Gen 6: Aero (Stable),1000,0.0047,3785,0,892875223,295861231
i64,Duplicates,Timsort,10000,0.0397,38741,0,892875826,295862465
i64,Duplicates,PDQsort,10000,0.0300,36527,0,892877510,295865039
i64,Duplicates,Mergesort,10000,0.0392,38741,0,892877581,295865654
i64,Duplicates,Heapsort,10000,0.5122,134950,10000,892882177,295877543
i64,Duplicates,Introsort,10000,0.1250,21988,0,892898601,295971605
i64,Duplicates,Spreadsort / Radix Hybrid,10000,0.0803,0,0,892900068,296058731
i64,Duplicates,IPS4o,10000,0.0539,32134,0,892901337,296061667
i64,Duplicates,Fluxsort,10000,0.0433,38861,0,892902615,296064820
i64,Duplicates,RadixLSD,10000,0.0611,0,0,892903301,296069504
i64,Duplicates,RDST_Serial,10000,0.1557,0,0,892903850,296069763
i64,Duplicates,RDST_Parallel,10000,0.2424,0,0,892904078,296070533
i64,Duplicates,Voracious_MT,10000,0.0475,0,0,892904807,296071365
i64,Duplicates,GPURadix,10000,0.0301,0,0,892906407,296073563
i64,Duplicates,ARS Gen 5: Optimized Apex (MAIN),10000,0.1229,9995,0,892906484,296074089
i64,Duplicates,ARS Gen 5: Optimized Apex (Stable),10000,0.1292,9995,0,892906937,296075890
i64,Duplicates,ARS Gen 6: Aero Architecture,10000,0.2323,9995,0,892908513,296077733
i64,Duplicates,ARS Gen 6: Aero (Stable),10000,0.2734,9995,0,892908695,296082149
i64,Duplicates,Timsort,100000,0.3964,382500,0,892935416,296087263
i64,Duplicates,PDQsort,100000,0.2969,382186,0,893043175,296093928
i64,Duplicates,Mergesort,100000,0.3859,382500,0,893150142,296095301
i64,Duplicates,Heapsort,100000,6.5907,1699155,100000,893279452,296187477
i64,Duplicates,Introsort,100000,1.3553,220084,0,893710354,297058488
i64,Duplicates,Spreadsort / Radix Hybrid,100000,0.7262,0,0,893843975,297941629
i64,Duplicates,IPS4o,100000,0.2873,379900,0,894026374,297947855
i64,Duplicates,Fluxsort,100000,0.4895,427981,0,894169416,297970511
i64,Duplicates,RadixLSD,100000,0.6771,0,0,894383739,298002696
i64,Duplicates,RDST_Serial,100000,1.6581,0,0,894496014,298003090
i64,Duplicates,RDST_Parallel,100000,1.6003,0,0,894625713,298004387
i64,Duplicates,Voracious_MT,100000,0.2904,0,0,894630239,298007392
i64,Duplicates,GPURadix,100000,0.3254,0,0,894663574,298026428
i64,Duplicates,ARS Gen 5: Optimized Apex (MAIN),100000,0.3726,99995,0,894706134,298027397
i64,Duplicates,ARS Gen 5: Optimized Apex (Stable),100000,0.4302,99995,0,894715941,298030595
i64,Duplicates,ARS Gen 6: Aero Architecture,100000,0.5430,99995,0,894735318,298034457
i64,Duplicates,ARS Gen 6: Aero (Stable),100000,0.5968,99995,0,894759500,298039544
i64,Duplicates,Timsort,1000000,7.1063,4609468,0,895957696,298046161
i64,Duplicates,PDQsort,1000000,3.5455,3807216,0,907736114,298062687
i64,Duplicates,Mergesort,1000000,6.7391,4609468,0,912408460,298065754
i64,Duplicates,Heapsort,1000000,102.6116,20262409,1000000,927453246,298954840
i64,Duplicates,Introsort,1000000,13.0020,2200910,0,961126412,308034901
i64,Duplicates,Spreadsort / Radix Hybrid,1000000,8.7560,0,0,966317642,316936514
i64,Duplicates,IPS4o,1000000,3.1028,3400641,0,977551485,316944347
i64,Duplicates,Fluxsort,1000000,7.1460,4864423,0,979807167,317141158
i64,Duplicates,RadixLSD,1000000,7.2018,0,0,987676010,317467675
i64,Duplicates,RDST_Serial,1000000,16.3254,0,0,995201293,317468637
i64,Duplicates,RDST_Parallel,1000000,5.7430,0,0,1006745809,317471772
i64,Duplicates,Voracious_MT,1000000,2.9109,0,0,1006909552,317473559
i64,Duplicates,GPURadix,1000000,22.9844,0,0,1008810275,317645384
i64,Duplicates,ARS Gen 5: Optimized Apex (MAIN),1000000,6.3730,999995,0,1015212026,317719819
i64,Duplicates,ARS Gen 5: Optimized Apex (Stable),1000000,6.3576,999995,0,1015257616,317723499
i64,Duplicates,ARS Gen 6: Aero Architecture,1000000,4.5197,999995,0,1015425633,317727292
i64,Duplicates,ARS Gen 6: Aero (Stable),1000000,4.4865,999995,0,1016755163,317732457
f64,Random,Timsort,1000,0.0243,10747,0,1017935134,317738446
f64,Random,PDQsort,1000,0.0164,10325,0,1017935184,317749500
f64,Random,Mergesort,1000,0.0256,10747,0,1017935202,317755943
f64,Random,Heapsort,1000,0.0488,10858,1000,1017935452,317767992
f64,Random,Introsort,1000,0.0386,11448,0,1017936248,317786821
f64,Random,Spreadsort / Radix Hybrid,1000,0.0224,0,0,1017937631,317819625
f64,Random,IPS4o,1000,0.0306,10958,0,1017938654,317822696
f64,Random,Fluxsort,1000,0.0273,10801,0,1017938965,317841840
f64,Random,RadixLSD,1000,0.0138,0,0,1017939125,317851769
f64,Random,RDST_Serial,1000,0.0254,0,0,1017939300,317852017
f64,Random,RDST_Parallel,1000,0.0796,0,0,1017939671,317852359
f64,Random,Voracious_MT,1000,0.0292,0,0,1017940721,317854906
f64,Random,ARS Gen 5: Optimized Apex (MAIN),1000,0.0176,10325,0,1017940825,317873877
f64,Random,ARS Gen 5: Optimized Apex (Stable),1000,0.0238,10747,0,1017941481,317880340
f64,Random,ARS Gen 6: Aero Architecture,1000,0.0175,10325,0,1017941649,317891407
f64,Random,ARS Gen 6: Aero (Stable),1000,0.0256,10747,0,1017941691,317897894
f64,Random,Timsort,10000,0.3213,140825,0,1017942102,317919765
f64,Random,PDQsort,10000,0.2272,136592,0,1017947905,318028172
f64,Random,Mergesort,10000,0.3395,140825,0,1017948470,318091808
f64,Random,Heapsort,10000,0.8119,142810,10000,1017965707,318209441
f64,Random,Introsort,10000,0.5563,158947,0,1017979976,318400423
f64,Random,Spreadsort / Radix Hybrid,10000,0.1615,0,0,1017992240,318862967
f64,Random,IPS4o,10000,0.1941,147483,0,1017997650,318884266
f64,Random,Fluxsort,10000,0.2164,140684,0,1018001342,318896236
f64,Random,RadixLSD,10000,0.1275,0,0,1018015680,318973637
f64,Random,RDST_Serial,10000,0.2394,0,0,1018015822,318974391
f64,Random,RDST_Parallel,10000,0.2765,0,0,1018018749,318975698
f64,Random,Voracious_MT,10000,0.1589,0,0,1018021202,318976917
f64,Random,ARS Gen 5: Optimized Apex (MAIN),10000,0.1550,69916,0,1018021319,318980062
f64,Random,ARS Gen 5: Optimized Apex (Stable),10000,0.1684,72835,0,1018025043,318982251
f64,Random,ARS Gen 6: Aero Architecture,10000,0.1869,61787,0,1018032648,318985396
f64,Random,ARS Gen 6: Aero (Stable),10000,0.2058,65059,0,1018032851,318993741
f64,Random,Timsort,100000,3.9173,1746474,0,1018104283,319106500
f64,Random,PDQsort,100000,2.5601,1707521,0,1018521376,320107305
f64,Random,Mergesort,100000,3.9490,1746474,0,1018717477,320705630
f64,Random,Heapsort,100000,15.9579,1763365,100000,1019191666,321805626
f64,Random,Introsort,100000,7.4849,1945447,0,1019901407,323886859
f64,Random,Spreadsort / Radix Hybrid,100000,1.8871,0,0,1020639137,329762000
f64,Random,IPS4o,100000,1.1629,1833218,0,1020798108,329775225
f64,Random,Fluxsort,100000,2.9987,1746013,0,1021412525,329870208
f64,Random,RadixLSD,100000,1.7235,0,0,1022138552,330537168
f64,Random,RDST_Serial,100000,2.8327,0,0,1022250080,330538157
f64,Random,RDST_Parallel,100000,2.8244,0,0,1022346695,330539854
f64,Random,Voracious_MT,100000,1.0954,0,0,1022409671,330543447
f64,Random,ARS Gen 5: Optimized Apex (MAIN),100000,0.9860,1082416,0,1022429971,330564521
f64,Random,ARS Gen 5: Optimized Apex (Stable),100000,1.1766,1123689,0,1022450982,330568284
f64,Random,ARS Gen 6: Aero Architecture,100000,0.8833,979793,0,1022471775,330572549
f64,Random,ARS Gen 6: Aero (Stable),100000,1.0964,1019242,0,1022504232,330581449
f64,Random,Timsort,1000000,49.5454,20819993,0,1024186537,331627086
f64,Random,PDQsort,1000000,33.5597,20416607,0,1039506482,341502317
f64,Random,Mergesort,1000000,48.8729,20819993,0,1045460375,347432551
f64,Random,Heapsort,1000000,448.6013,20925317,1000000,1083982952,358333040
f64,Random,Introsort,1000000,88.2423,23249445,0,1302506984,380881244
f64,Random,Spreadsort / Radix Hybrid,1000000,21.4679,0,0,1314687504,452664626
f64,Random,IPS4o,1000000,14.5661,21895973,0,1323136036,453544805
f64,Random,Fluxsort,1000000,38.4840,20818809,0,1331792986,454478607
f64,Random,RadixLSD,1000000,20.4483,0,0,1348750079,461213875
f64,Random,RDST_Serial,1000000,27.3154,0,0,1379909927,461216186
f64,Random,RDST_Parallel,1000000,17.2722,0,0,1409959955,461241918
f64,Random,Voracious_MT,1000000,8.4909,0,0,1410223890,461283478
f64,Random,ARS Gen 5: Optimized Apex (MAIN),1000000,10.5142,12690108,0,1410290625,461296427
f64,Random,ARS Gen 5: Optimized Apex (Stable),1000000,12.2410,13109946,0,1410331492,461300116
f64,Random,ARS Gen 6: Aero Architecture,1000000,9.9302,13504732,0,1410472549,461304211
f64,Random,ARS Gen 6: Aero (Stable),1000000,11.8266,13922355,0,1411587371,461313241
f64,Gaussian,Timsort,1000,0.0305,10598,0,1412581216,461322684
f64,Gaussian,PDQsort,1000,0.0194,10258,0,1412581273,461333425
f64,Gaussian,Mergesort,1000,0.0282,10598,0,1412581350,461339983
f64,Gaussian,Heapsort,1000,0.0544,10902,1000,1412581695,461352082
f64,Gaussian,Introsort,1000,0.0411,12139,0,1412584145,461370915
f64,Gaussian,Spreadsort / Radix Hybrid,1000,0.0304,0,0,1412584566,461404582
f64,Gaussian,IPS4o,1000,0.0334,11016,0,1412584869,461408876
f64,Gaussian,Fluxsort,1000,0.0293,10696,0,1412585506,461428055
f64,Gaussian,RadixLSD,1000,0.0171,0,0,1412586535,461438071
f64,Gaussian,RDST_Serial,1000,0.0268,0,0,1412586618,461438287
f64,Gaussian,RDST_Parallel,1000,0.0271,0,0,1412586693,461438545
f64,Gaussian,Voracious_MT,1000,0.0335,0,0,1412586809,461440943
f64,Gaussian,ARS Gen 5: Optimized Apex (MAIN),1000,0.0201,10258,0,1412586901,461459911
f64,Gaussian,ARS Gen 5: Optimized Apex (Stable),1000,0.0288,10598,0,1412587158,461466588
f64,Gaussian,ARS Gen 6: Aero Architecture,1000,0.0197,10258,0,1412587320,461477499
f64,Gaussian,ARS Gen 6: Aero (Stable),1000,0.0284,10598,0,1412587373,461484019
f64,Gaussian,Timsort,10000,0.3360,141495,0,1412587468,461505754
f64,Gaussian,PDQsort,10000,0.2265,137131,0,1412597265,461613665
f64,Gaussian,Mergesort,10000,0.3297,141495,0,1412601330,461677379
f64,Gaussian,Heapsort,10000,0.7925,142584,10000,1412612412,461794260
f64,Gaussian,Introsort,10000,0.5686,157890,0,1412635403,461986760
f64,Gaussian,Spreadsort / Radix Hybrid,10000,0.1654,0,0,1412643874,462449775
f64,Gaussian,IPS4o,10000,0.1802,146427,0,1412653774,462462950
f64,Gaussian,Fluxsort,10000,0.2314,140056,0,1412666144,462474718
f64,Gaussian,RadixLSD,10000,0.1692,0,0,1412673411,462553031
f64,Gaussian,RDST_Serial,10000,0.2657,0,0,1412673808,462553762
f64,Gaussian,RDST_Parallel,10000,0.2661,0,0,1412674812,462554589
f64,Gaussian,Voracious_MT,10000,0.2074,0,0,1412675123,462555613
f64,Gaussian,ARS Gen 5: Optimized Apex (MAIN),10000,0.2729,125218,0,1412675955,462558787
f64,Gaussian,ARS Gen 5: Optimized Apex (Stable),10000,0.2892,129189,0,1412679591,462562263
f64,Gaussian,ARS Gen 6: Aero Architecture,10000,0.3253,108725,0,1412685327,462565786
f64,Gaussian,ARS Gen 6: Aero (Stable),10000,0.3529,113325,0,1412691700,462573174
f64,Gaussian,Timsort,100000,3.9865,1750484,0,1412733329,462684933
f64,Gaussian,PDQsort,100000,2.5841,1704890,0,1413043749,463689342
f64,Gaussian,Mergesort,100000,3.9117,1750484,0,1413206052,464288489
f64,Gaussian,Heapsort,100000,16.3213,1762947,100000,1413528667,465388492
f64,Gaussian,Introsort,100000,7.4540,1927750,0,1414455230,467462691
f64,Gaussian,Spreadsort / Radix Hybrid,100000,2.3154,0,0,1415000540,473414821
f64,Gaussian,IPS4o,100000,1.1872,1844507,0,1415098686,473985540
f64,Gaussian,Fluxsort,100000,3.1647,1748775,0,1415711013,474083663
f64,Gaussian,RadixLSD,100000,1.9745,0,0,1416286794,474777730
f64,Gaussian,RDST_Serial,100000,3.0383,0,0,1416373349,474778744
f64,Gaussian,RDST_Parallel,100000,3.0338,0,0,1416498863,474780515
f64,Gaussian,Voracious_MT,100000,1.2232,0,0,1416583914,474784430
f64,Gaussian,ARS Gen 5: Optimized Apex (MAIN),100000,1.7632,1591556,0,1416606050,474805391
f64,Gaussian,ARS Gen 5: Optimized Apex (Stable),100000,2.2434,1630416,0,1416628821,474809186
f64,Gaussian,ARS Gen 6: Aero Architecture,100000,1.5246,1435512,0,1416653404,474813291
f64,Gaussian,ARS Gen 6: Aero (Stable),100000,1.9108,1481064,0,1416691262,474821356
f64,Gaussian,Timsort,1000000,48.1112,20804618,0,1418249737,475864395
f64,Gaussian,PDQsort,1000000,32.4183,20434315,0,1432680908,485737249
f64,Gaussian,Mergesort,1000000,48.2869,20804618,0,1438735731,491659672
f64,Gaussian,Heapsort,1000000,451.6435,20927292,1000000,1477598483,502546164
f64,Gaussian,Introsort,1000000,89.6824,23589683,0,1695195434,525065009
f64,Gaussian,Spreadsort / Radix Hybrid,1000000,21.1791,0,0,1707304572,596581272
f64,Gaussian,IPS4o,1000000,14.6270,22031904,0,1716815519,597466985
f64,Gaussian,Fluxsort,1000000,39.4887,20833094,0,1725498493,598402553
f64,Gaussian,RadixLSD,1000000,21.9315,0,0,1742964390,605151364
f64,Gaussian,RDST_Serial,1000000,28.8751,0,0,1775130066,605153992
f64,Gaussian,RDST_Parallel,1000000,17.1297,0,0,1805333960,605174554
f64,Gaussian,Voracious_MT,1000000,7.5704,0,0,1805624819,605209884
f64,Gaussian,ARS Gen 5: Optimized Apex (MAIN),1000000,21.0779,17721483,0,1805695199,605223823
f64,Gaussian,ARS Gen 5: Optimized Apex (Stable),1000000,27.6591,18115603,0,1805740300,605227560
f64,Gaussian,ARS Gen 6: Aero Architecture,1000000,14.5330,17772280,0,1805902908,605231536
f64,Gaussian,ARS Gen 6: Aero (Stable),1000000,20.0883,18196093,0,1807147351,605239782
f64,NearlySorted,Timsort,1000,0.0266,9931,0,1808288411,605248353
f64,NearlySorted,PDQsort,1000,0.0186,9853,0,1808288930,605256657
f64,NearlySorted,Mergesort,1000,0.0242,9931,0,1808289466,605262290
f64,NearlySorted,Heapsort,1000,0.0439,13303,1000,1808289836,605270982
f64,NearlySorted,Introsort,1000,0.0190,9354,0,1808290580,605281150
f64,NearlySorted,Spreadsort / Radix Hybrid,1000,0.0215,0,0,1808291005,605295796
f64,NearlySorted,IPS4o,1000,0.0188,8267,0,1808291295,605297841
f64,NearlySorted,Fluxsort,1000,0.0260,10235,0,1808292262,605309077
f64,NearlySorted,RadixLSD,1000,0.0092,0,0,1808292809,605317781
f64,NearlySorted,RDST_Serial,1000,0.0211,0,0,1808292993,605317917
f64,NearlySorted,RDST_Parallel,1000,0.0217,0,0,1808293521,605318312
f64,NearlySorted,Voracious_MT,1000,0.0175,0,0,1808293985,605320095
f64,NearlySorted,ARS Gen 5: Optimized Apex (MAIN),1000,0.0165,9853,0,1808294011,605330747
f64,NearlySorted,ARS Gen 5: Optimized Apex (Stable),1000,0.0210,9931,0,1808294098,605336365
f64,NearlySorted,ARS Gen 6: Aero Architecture,1000,0.0165,9853,0,1808294166,605344754
f64,NearlySorted,ARS Gen 6: Aero (Stable),1000,0.0223,9931,0,1808294210,605350408
f64,NearlySorted,Timsort,10000,0.2963,134179,0,1808294479,605366692
f64,NearlySorted,PDQsort,10000,0.2287,133965,0,1808303587,605447159
f64,NearlySorted,Mergesort,10000,0.3134,134179,0,1808307566,605502763
f64,NearlySorted,Heapsort,10000,0.6265,166509,10000,1808316224,605585240
f64,NearlySorted,Introsort,10000,0.3090,130582,0,1808331459,605678067
f64,NearlySorted,Spreadsort / Radix Hybrid,10000,0.1412,0,0,1808337783,605875575
f64,NearlySorted,IPS4o,10000,0.1144,119265,0,1808340040,605879522
f64,NearlySorted,Fluxsort,10000,0.2279,137693,0,1808352937,605890888
f64,NearlySorted,RadixLSD,10000,0.1209,0,0,1808353608,605964827
f64,NearlySorted,RDST_Serial,10000,0.2281,0,0,1808353711,605965362
f64,NearlySorted,RDST_Parallel,10000,0.2364,0,0,1808361794,605966504
f64,NearlySorted,Voracious_MT,10000,0.1126,0,0,1808365699,605967995
f64,NearlySorted,ARS Gen 5: Optimized Apex (MAIN),10000,0.3639,128777,0,1808365969,605970744
f64,NearlySorted,ARS Gen 5: Optimized Apex (Stable),10000,0.4305,124495,0,1808369433,605974118
f64,NearlySorted,ARS Gen 6: Aero Architecture,10000,0.2664,112266,0,1808373582,605977667
f64,NearlySorted,ARS Gen 6: Aero (Stable),10000,0.2576,107023,0,1808386578,605982460
f64,NearlySorted,Timsort,100000,3.4696,1659381,0,1808433939,606060598
f64,NearlySorted,PDQsort,100000,2.5479,1713231,0,1808653957,606757651
f64,NearlySorted,Mergesort,100000,3.4106,1659381,0,1808831983,607274336
f64,NearlySorted,Heapsort,100000,8.9373,2001807,100000,1809114052,607995075
f64,NearlySorted,Introsort,100000,3.4453,1672339,0,1809750288,608901650
f64,NearlySorted,Spreadsort / Radix Hybrid,100000,1.8885,0,0,1810371999,611274759
f64,NearlySorted,IPS4o,100000,1.0029,1541993,0,1810567886,611280815
f64,NearlySorted,Fluxsort,100000,3.0346,1694128,0,1811101929,611367087
f64,NearlySorted,RadixLSD,100000,1.6635,0,0,1811647766,611966522
f64,NearlySorted,RDST_Serial,100000,2.6585,0,0,1811725810,611967184
f64,NearlySorted,RDST_Parallel,100000,2.0822,0,0,1811804654,611968819
f64,NearlySorted,Voracious_MT,100000,0.7680,0,0,1811901692,611972614
f64,NearlySorted,ARS Gen 5: Optimized Apex (MAIN),100000,2.8184,1664254,0,1811908190,611991972
f64,NearlySorted,ARS Gen 5: Optimized Apex (Stable),100000,3.4167,1601865,0,1811927399,611995734
f64,NearlySorted,ARS Gen 6: Aero Architecture,100000,1.6939,1486542,0,1811951760,611999751
f64,NearlySorted,ARS Gen 6: Aero (Stable),100000,1.9780,1387562,0,1811998145,612005468
f64,NearlySorted,Timsort,1000000,44.4549,19766931,0,1813498131,612698292
f64,NearlySorted,PDQsort,1000000,33.0633,20798688,0,1828424991,619393039
f64,NearlySorted,Mergesort,1000000,43.9615,19766931,0,1835520868,624425141
f64,NearlySorted,Heapsort,1000000,155.8596,23326601,1000000,1856704744,631353497
f64,NearlySorted,Introsort,1000000,45.8038,20312191,0,1919654805,640618769
f64,NearlySorted,Spreadsort / Radix Hybrid,1000000,22.9555,0,0,1930917416,668712024
f64,NearlySorted,IPS4o,1000000,11.0670,18443534,0,1937303011,668873934
f64,NearlySorted,Fluxsort,1000000,37.2657,20270526,0,1945990362,669581932
f64,NearlySorted,RadixLSD,1000000,17.8192,0,0,1962582172,674200218
f64,NearlySorted,RDST_Serial,1000000,19.8722,0,0,1978334501,674202375
f64,NearlySorted,RDST_Parallel,1000000,10.1670,0,0,1993124403,674219541
f64,NearlySorted,Voracious_MT,1000000,6.5187,0,0,1993282008,674241374
f64,NearlySorted,ARS Gen 5: Optimized Apex (MAIN),1000000,19.5742,18404453,0,1993357741,674254280
f64,NearlySorted,ARS Gen 5: Optimized Apex (Stable),1000000,25.5199,17478761,0,1993399769,674257930
f64,NearlySorted,ARS Gen 6: Aero Architecture,1000000,20.3435,18475226,0,1993561813,674261722
f64,NearlySorted,ARS Gen 6: Aero (Stable),1000000,23.9217,17573608,0,1994854109,674267947
f64,Duplicates,Timsort,1000,0.0078,3785,0,1996032739,674273642
f64,Duplicates,PDQsort,1000,0.0053,3782,0,1996032792,674274814
f64,Duplicates,Mergesort,1000,0.0072,3785,0,1996032836,674275351
f64,Duplicates,Heapsort,1000,0.0392,10297,1000,1996032874,674277546
f64,Duplicates,Introsort,1000,0.0124,2270,0,1996033099,674287976
f64,Duplicates,Spreadsort / Radix Hybrid,1000,0.0228,0,0,1996033354,674298051
f64,Duplicates,IPS4o,1000,0.0055,3719,0,1996033578,674299867
f64,Duplicates,Fluxsort,1000,0.0131,4012,0,1996033620,674303401
f64,Duplicates,RadixLSD,1000,0.0232,0,0,1996033729,674308449
f64,Duplicates,RDST_Serial,1000,0.0269,0,0,1996033778,674308693
f64,Duplicates,RDST_Parallel,1000,0.0280,0,0,1996034058,674309004
f64,Duplicates,Voracious_MT,1000,0.0052,0,0,1996034601,674309367
f64,Duplicates,ARS Gen 5: Optimized Apex (MAIN),1000,0.0050,3782,0,1996034753,674312344
f64,Duplicates,ARS Gen 5: Optimized Apex (Stable),1000,0.0072,3785,0,1996035189,674312882
f64,Duplicates,ARS Gen 6: Aero Architecture,1000,0.0051,3782,0,1996035384,674314010
f64,Duplicates,ARS Gen 6: Aero (Stable),1000,0.0073,3785,0,1996035697,674314552
f64,Duplicates,Timsort,10000,0.0626,38741,0,1996038683,674316009
f64,Duplicates,PDQsort,10000,0.0449,36527,0,1996039682,674319300
f64,Duplicates,Mergesort,10000,0.0660,38741,0,1996040090,674320453
f64,Duplicates,Heapsort,10000,0.5791,134950,10000,1996044061,674333161
f64,Duplicates,Introsort,10000,0.1321,21988,0,1996045038,674429803
f64,Duplicates,Spreadsort / Radix Hybrid,10000,0.1425,0,0,1996055615,674523864
f64,Duplicates,IPS4o,10000,0.0762,32134,0,1996062645,674526958
f64,Duplicates,Fluxsort,10000,0.0458,38861,0,1996063274,674530468
f64,Duplicates,RadixLSD,10000,0.2079,0,0,1996063384,674535201
f64,Duplicates,RDST_Serial,10000,0.2447,0,0,1996063414,674535980
f64,Duplicates,RDST_Parallel,10000,0.2521,0,0,1996063476,674537024
f64,Duplicates,Voracious_MT,10000,0.0616,0,0,1996070667,674538243
f64,Duplicates,ARS Gen 5: Optimized Apex (MAIN),10000,0.1228,9995,0,1996070785,674541020
f64,Duplicates,ARS Gen 5: Optimized Apex (Stable),10000,0.1267,9995,0,1996070949,674542945
f64,Duplicates,ARS Gen 6: Aero Architecture,10000,0.2162,9995,0,1996073222,674544998
f64,Duplicates,ARS Gen 6: Aero (Stable),10000,0.2248,9995,0,1996074724,674548433
f64,Duplicates,Timsort,100000,0.6832,382500,0,1996089456,674552803
f64,Duplicates,PDQsort,100000,0.4411,382186,0,1996205680,674561983
f64,Duplicates,Mergesort,100000,0.6559,382500,0,1996286381,674565688
f64,Duplicates,Heapsort,100000,7.0481,1699155,100000,1996435288,674663532
f64,Duplicates,Introsort,100000,1.3147,220084,0,1996986355,675568903
f64,Duplicates,Spreadsort / Radix Hybrid,100000,1.6926,0,0,1997212255,676466252
f64,Duplicates,IPS4o,100000,0.4678,379900,0,1997411021,676473533
f64,Duplicates,Fluxsort,100000,0.5479,427981,0,1997622447,676497697
f64,Duplicates,RadixLSD,100000,2.5116,0,0,1997854446,676529384
f64,Duplicates,RDST_Serial,100000,2.9029,0,0,1998099791,676530380
f64,Duplicates,RDST_Parallel,100000,2.8474,0,0,1998251401,676532080
f64,Duplicates,Voracious_MT,100000,0.4437,0,0,1998506878,676536073
f64,Duplicates,ARS Gen 5: Optimized Apex (MAIN),100000,0.3728,99995,0,1998540653,676556691
f64,Duplicates,ARS Gen 5: Optimized Apex (Stable),100000,0.3617,99995,0,1998550881,676559836
f64,Duplicates,ARS Gen 6: Aero Architecture,100000,0.7529,99995,0,1998567497,676563375
f64,Duplicates,ARS Gen 6: Aero (Stable),100000,0.5946,99995,0,1998624834,676568485
f64,Duplicates,Timsort,1000000,8.6183,4609468,0,1999966415,676575788
f64,Duplicates,PDQsort,1000000,4.6631,3807216,0,2011954726,676599218
f64,Duplicates,Mergesort,1000000,8.4057,4609468,0,2016652733,676608670
f64,Duplicates,Heapsort,1000000,106.0386,20262409,1000000,2032601494,677527915
f64,Duplicates,Introsort,1000000,15.4533,2200910,0,2068043873,687172528
f64,Duplicates,Spreadsort / Radix Hybrid,1000000,8.5973,0,0,2077654256,696300225
f64,Duplicates,IPS4o,1000000,6.1684,3400641,0,2084127304,696307704
f64,Duplicates,Fluxsort,1000000,9.5927,4864423,0,2092206481,696530252
f64,Duplicates,RadixLSD,1000000,24.5369,0,0,2108090019,696855178
f64,Duplicates,RDST_Serial,1000000,15.1330,0,0,2136311508,696857478
f64,Duplicates,RDST_Parallel,1000000,9.7834,0,0,2148438285,696873853
f64,Duplicates,Voracious_MT,1000000,8.0933,0,0,2148569953,696892828
f64,Duplicates,ARS Gen 5: Optimized Apex (MAIN),1000000,6.5261,999995,0,2148634140,696905905
f64,Duplicates,ARS Gen 5: Optimized Apex (Stable),1000000,6.4075,999995,0,2148679003,696909595
f64,Duplicates,ARS Gen 6: Aero Architecture,1000000,4.7800,999995,0,2148841495,696913280
f64,Duplicates,ARS Gen 6: Aero (Stable),1000000,4.9816,999995,0,2150145332,696918420
String,Random,Timsort,1000,0.0711,10844,0,2151327163,696925321
String,Random,PDQsort,1000,0.0657,10207,0,2151328027,696951854
String,Random,Mergesort,1000,0.0815,10844,0,2151333872,696973428
String,Random,Heapsort,1000,0.2373,10925,1000,2151335748,696999936
String,Random,Introsort,1000,0.1291,10783,0,2151347533,697035305
String,Random,Spreadsort / Radix Hybrid,1000,0.0789,0,0,2151348019,697087795
String,Random,IPS4o,1000,0.0903,11253,0,2151350028,697110120
String,Random,Fluxsort,1000,0.1125,10694,0,2151352624,697145427
String,Random,AFSort,1000,0.0616,0,0,2151352984,697188070
String,Random,UniversalRadix,1000,0.3035,0,0,2151354604,697203832
String,Random,ARS Gen 5: Optimized Apex (MAIN),1000,0.0815,10207,0,2151360056,697213670
String,Random,ARS Gen 5: Optimized Apex (Stable),1000,0.0951,10844,0,2151362638,697237709
String,Random,ARS Gen 6: Aero Architecture,1000,0.0802,10207,0,2151368609,697265096
String,Random,ARS Gen 6: Aero (Stable),1000,0.0905,10844,0,2151368878,697290512
String,Random,Timsort,10000,1.1115,141870,0,2151369268,697345180
String,Random,PDQsort,10000,0.9566,137543,0,2151436841,697544093
String,Random,Mergesort,10000,1.0823,141870,0,2151474765,697747982
String,Random,Heapsort,10000,3.9526,143174,10000,2151542796,697961429
String,Random,Introsort,10000,1.6682,147715,0,2151624525,698273688
String,Random,Spreadsort / Radix Hybrid,10000,0.9607,0,0,2151658045,698852657
String,Random,IPS4o,10000,0.4593,147362,0,2151679236,699013912
String,Random,Fluxsort,10000,1.1416,141893,0,2151719734,699049528
String,Random,AFSort,10000,0.6902,0,0,2151788244,699354652
String,Random,UniversalRadix,10000,3.5016,0,0,2151807000,699503224
String,Random,ARS Gen 5: Optimized Apex (MAIN),10000,0.2365,66867,0,2151858212,699561719
String,Random,ARS Gen 5: Optimized Apex (Stable),10000,0.2733,70413,0,2151862219,699564190
String,Random,ARS Gen 6: Aero Architecture,10000,0.4935,61937,0,2151884745,699567932
String,Random,ARS Gen 6: Aero (Stable),10000,0.4602,65189,0,2151927387,699578697
String,Random,Timsort,100000,14.6365,1757941,0,2152513451,699779974
String,Random,PDQsort,100000,12.1209,1717013,0,2158199069,702913497
String,Random,Mergesort,100000,14.3096,1757941,0,2162096857,705345465
String,Random,Heapsort,100000,56.0230,1763370,100000,2168671052,708118402
String,Random,Introsort,100000,21.0139,1890604,0,2182472651,712476987
String,Random,Spreadsort / Radix Hybrid,100000,12.2794,0,0,2187077778,719774658
String,Random,IPS4o,100000,3.4158,1823346,0,2189243511,721827622
String,Random,Fluxsort,100000,16.3372,1749474,0,2190814984,722236757
String,Random,AFSort,100000,9.6498,0,0,2195162951,725741968
String,Random,UniversalRadix,100000,54.3877,0,0,2201106150,727230010
String,Random,ARS Gen 5: Optimized Apex (MAIN),100000,2.9193,1031468,0,2237779200,727773452
String,Random,ARS Gen 5: Optimized Apex (Stable),100000,3.1786,1071363,0,2237803824,727776729
String,Random,ARS Gen 6: Aero Architecture,100000,3.2858,975818,0,2237864776,727780653
String,Random,ARS Gen 6: Aero (Stable),100000,3.4475,1017708,0,2238246405,727792234
String,Random,Timsort,1000000,291.6923,20898765,0,2275915348,731209228
String,Random,PDQsort,1000000,217.1615,20530943,0,2639604668,760082090
String,Random,Mergesort,1000000,306.5841,20898765,0,2961047275,789573312
String,Random,Heapsort,1000000,1835.4206,20924442,1000000,3474746557,826460237
String,Random,Introsort,1000000,325.7265,22500493,0,5035146368,881540959
String,Random,Spreadsort / Radix Hybrid,1000000,235.8070,0,0,5334226735,975106624
String,Random,IPS4o,1000000,122.1366,21882944,0,5619889352,1003174941
String,Random,Fluxsort,1000000,252.7108,20826175,0,5662253504,1007634933
String,Random,AFSort,1000000,157.5806,0,0,5961832043,1049868409
String,Random,UniversalRadix,1000000,1188.8027,0,0,6220716573,1063633355
String,Random,ARS Gen 5: Optimized Apex (MAIN),1000000,49.7646,12250448,0,7427604482,1069220289
String,Random,ARS Gen 5: Optimized Apex (Stable),1000000,54.9236,12671508,0,7427648018,1069223502
String,Random,ARS Gen 6: Aero Architecture,1000000,64.3761,13281833,0,7428060679,1069227465
String,Random,ARS Gen 6: Aero (Stable),1000000,72.8886,13690144,0,7432043415,1069239596
String,Gaussian,Timsort,1000,0.0818,10844,0,7435515375,1069253336
String,Gaussian,PDQsort,1000,0.0744,10207,0,7435519674,1069280056
String,Gaussian,Mergesort,1000,0.0883,10844,0,7435520455,1069303296
String,Gaussian,Heapsort,1000,0.2606,10925,1000,7435520860,1069331836
String,Gaussian,Introsort,1000,0.1313,10783,0,7435527888,1069371703
String,Gaussian,Spreadsort / Radix Hybrid,1000,0.0825,0,0,7435530047,1069423123
String,Gaussian,IPS4o,1000,0.0931,11253,0,7435530586,1069445876
String,Gaussian,Fluxsort,1000,0.1145,10694,0,7435535455,1069480507
String,Gaussian,AFSort,1000,0.0639,0,0,7435537493,1069523030
String,Gaussian,UniversalRadix,1000,0.3121,0,0,7435539097,1069539162
String,Gaussian,ARS Gen 5: Optimized Apex (MAIN),1000,0.0805,10207,0,7435545144,1069549375
String,Gaussian,ARS Gen 5: Optimized Apex (Stable),1000,0.0952,10844,0,7435546920,1069572627
String,Gaussian,ARS Gen 6: Aero Architecture,1000,0.0802,10207,0,7435548880,1069599534
String,Gaussian,ARS Gen 6: Aero (Stable),1000,0.0903,10844,0,7435551358,1069622537
String,Gaussian,Timsort,10000,1.1371,141870,0,7435558827,1069674965
String,Gaussian,PDQsort,10000,0.9726,137543,0,7435618876,1069902351
String,Gaussian,Mergesort,10000,1.1352,141870,0,7435643517,1070106080
String,Gaussian,Heapsort,10000,3.6554,143174,10000,7435748690,1070351625
String,Gaussian,Introsort,10000,1.7424,147715,0,7435929869,1070676525
String,Gaussian,Spreadsort / Radix Hybrid,10000,0.9851,0,0,7435992156,1071283757
String,Gaussian,IPS4o,10000,0.4418,147362,0,7436023089,1071453327
String,Gaussian,Fluxsort,10000,1.1604,141893,0,7436081199,1071490424
String,Gaussian,AFSort,10000,0.6906,0,0,7436166511,1071787716
String,Gaussian,UniversalRadix,10000,3.3858,0,0,7436193968,1071936188
String,Gaussian,ARS Gen 5: Optimized Apex (MAIN),10000,0.2459,66867,0,7436243200,1071994739
String,Gaussian,ARS Gen 5: Optimized Apex (Stable),10000,0.2583,70413,0,7436250992,1071997448
String,Gaussian,ARS Gen 6: Aero Architecture,10000,0.4001,61937,0,7436273944,1072001175
String,Gaussian,ARS Gen 6: Aero (Stable),10000,0.4747,65189,0,7436313374,1072011804
String,Gaussian,Timsort,100000,15.0828,1757941,0,7436822198,1072293646
String,Gaussian,PDQsort,100000,12.4400,1717013,0,7443376091,1074899457
String,Gaussian,Mergesort,100000,14.7017,1757941,0,7447037990,1077402292
String,Gaussian,Heapsort,100000,57.8831,1763370,100000,7454843436,1080194067
String,Gaussian,Introsort,100000,21.5572,1890604,0,7469159632,1084165308
String,Gaussian,Spreadsort / Radix Hybrid,100000,12.7882,0,0,7473604428,1091975520
String,Gaussian,IPS4o,100000,3.8035,1823346,0,7475764709,1094354012
String,Gaussian,Fluxsort,100000,15.6950,1749474,0,7477262949,1094777239
String,Gaussian,AFSort,100000,9.6843,0,0,7480693547,1098290872
String,Gaussian,UniversalRadix,100000,53.1847,0,0,7486222613,1099795615
String,Gaussian,ARS Gen 5: Optimized Apex (MAIN),100000,2.9583,1031468,0,7523310053,1100340212
String,Gaussian,ARS Gen 5: Optimized Apex (Stable),100000,3.2977,1071363,0,7523337075,1100343391
String,Gaussian,ARS Gen 6: Aero Architecture,100000,3.3289,975818,0,7523392526,1100347680
String,Gaussian,ARS Gen 6: Aero (Stable),100000,3.4730,1017708,0,7523712520,1100359443
String,Gaussian,Timsort,1000000,315.4266,20898765,0,7563208491,1103592981
String,Gaussian,PDQsort,1000000,235.2688,20530943,0,7934694324,1134601859
String,Gaussian,Mergesort,1000000,318.0612,20898765,0,8262350891,1164550231
String,Gaussian,Heapsort,1000000,1877.5088,20924442,1000000,8774577629,1196666860
String,Gaussian,Introsort,1000000,332.1336,22500493,0,10375720280,1241202876
String,Gaussian,Spreadsort / Radix Hybrid,1000000,234.0050,0,0,10676846696,1335558186
String,Gaussian,IPS4o,1000000,122.8333,21882944,0,10963114309,1362120752
String,Gaussian,Fluxsort,1000000,256.5899,20826175,0,11005165976,1366314090
String,Gaussian,AFSort,1000000,160.1379,0,0,11300770186,1404413435
String,Gaussian,UniversalRadix,1000000,1230.1649,0,0,11560599839,1418296793
String,Gaussian,ARS Gen 5: Optimized Apex (MAIN),1000000,49.7951,12250448,0,12779718014,1423889955
String,Gaussian,ARS Gen 5: Optimized Apex (Stable),1000000,54.4207,12671508,0,12779762441,1423893449
String,Gaussian,ARS Gen 6: Aero Architecture,1000000,62.2084,13281833,0,12780177814,1423897670
String,Gaussian,ARS Gen 6: Aero (Stable),1000000,72.5681,13690144,0,12784229201,1423909901
String,NearlySorted,Timsort,1000,0.0654,9467,0,12787933425,1423923229
String,NearlySorted,PDQsort,1000,0.0696,9624,0,12787935683,1423944041
String,NearlySorted,Mergesort,1000,0.0708,9467,0,12787940190,1423963961
String,NearlySorted,Heapsort,1000,0.2580,13303,1000,12787944985,1423985408
String,NearlySorted,Introsort,1000,0.0818,8979,0,12787957529,1424022984
String,NearlySorted,Spreadsort / Radix Hybrid,1000,0.0740,0,0,12787957755,1424051849
String,NearlySorted,IPS4o,1000,0.0621,8267,0,12787961419,1424069742
String,NearlySorted,Fluxsort,1000,0.0998,10235,0,12787963750,1424092918
String,NearlySorted,AFSort,1000,0.0764,0,0,12787964313,1424124976
String,NearlySorted,UniversalRadix,1000,0.3135,0,0,12787970772,1424133159
String,NearlySorted,ARS Gen 5: Optimized Apex (MAIN),1000,0.0737,9624,0,12787974987,1424143387
String,NearlySorted,ARS Gen 5: Optimized Apex (Stable),1000,0.0752,9467,0,12787976008,1424162969
String,NearlySorted,ARS Gen 6: Aero Architecture,1000,0.0727,9624,0,12787980656,1424183344
String,NearlySorted,ARS Gen 6: Aero (Stable),1000,0.0742,9467,0,12787982428,1424203913
String,NearlySorted,Timsort,10000,0.9451,130027,0,12787984101,1424237389
String,NearlySorted,PDQsort,10000,0.8581,131762,0,12788034845,1424380696
String,NearlySorted,Mergesort,10000,0.9131,130027,0,12788073003,1424531470
String,NearlySorted,Heapsort,10000,3.0322,166509,10000,12788112264,1424693929
String,NearlySorted,Introsort,10000,1.0551,125849,0,12788202018,1424974167
String,NearlySorted,Spreadsort / Radix Hybrid,10000,0.9167,0,0,12788231721,1425282715
String,NearlySorted,IPS4o,10000,0.3583,119265,0,12788249061,1425429170
String,NearlySorted,Fluxsort,10000,1.1076,137693,0,12788284432,1425460488
String,NearlySorted,AFSort,10000,0.9614,0,0,12788358954,1425674477
String,NearlySorted,UniversalRadix,10000,3.3119,0,0,12788446195,1425746195
String,NearlySorted,ARS Gen 5: Optimized Apex (MAIN),10000,0.2933,87879,0,12788499838,1425809109
String,NearlySorted,ARS Gen 5: Optimized Apex (Stable),10000,0.3161,68295,0,12788504652,1425812175
String,NearlySorted,ARS Gen 6: Aero Architecture,10000,0.4495,72522,0,12788513678,1425815706
String,NearlySorted,ARS Gen 6: Aero (Stable),10000,0.4609,47757,0,12788575707,1425822033
String,NearlySorted,Timsort,100000,12.6724,1615798,0,12789149508,1426003183
String,NearlySorted,PDQsort,100000,11.4867,1693035,0,12793968164,1427775639
String,NearlySorted,Mergesort,100000,12.1809,1615798,0,12797139078,1429667952
String,NearlySorted,Heapsort,100000,39.4327,2001807,100000,12802494413,1431587827
String,NearlySorted,Introsort,100000,14.0266,1626385,0,12811367443,1434737900
String,NearlySorted,Spreadsort / Radix Hybrid,100000,11.2528,0,0,12814158353,1438517579
String,NearlySorted,IPS4o,100000,3.1013,1541993,0,12816075517,1440216359
String,NearlySorted,Fluxsort,100000,14.3187,1686393,0,12817920659,1440530426
String,NearlySorted,AFSort,100000,11.3266,0,0,12822281016,1442747549
String,NearlySorted,UniversalRadix,100000,47.0956,0,0,12828883046,1443576410
String,NearlySorted,ARS Gen 5: Optimized Apex (MAIN),100000,3.3783,1246096,0,12870184029,1444153462
String,NearlySorted,ARS Gen 5: Optimized Apex (Stable),100000,3.4193,949264,0,12870214693,1444157166
String,NearlySorted,ARS Gen 6: Aero Architecture,100000,3.1846,1082691,0,12870302039,1444161379
String,NearlySorted,ARS Gen 6: Aero (Stable),100000,2.5700,556146,0,12870728154,1444169147
String,NearlySorted,Timsort,1000000,185.6705,19238895,0,12887573048,1445812009
String,NearlySorted,PDQsort,1000000,158.1089,20594878,0,13039759810,1462645705
String,NearlySorted,Mergesort,1000000,177.1414,19238895,0,13140419382,1481725827
String,NearlySorted,Heapsort,1000000,703.5434,23326601,1000000,13327500731,1499826494
String,NearlySorted,Introsort,1000000,179.3941,19761491,0,13714930296,1532734365
String,NearlySorted,Spreadsort / Radix Hybrid,1000000,160.1627,0,0,13791586873,1575005109
String,NearlySorted,IPS4o,1000000,58.0103,18443534,0,13880758881,1592575192
String,NearlySorted,Fluxsort,1000000,184.4822,20270526,0,13915845487,1595771184
String,NearlySorted,AFSort,1000000,210.9399,0,0,14061464016,1616225181
String,NearlySorted,UniversalRadix,1000000,839.3220,0,0,14393418313,1625456144
String,NearlySorted,ARS Gen 5: Optimized Apex (MAIN),1000000,41.7469,14412330,0,15592156860,1631405405
String,NearlySorted,ARS Gen 5: Optimized Apex (Stable),1000000,39.0359,9600752,0,15592206307,1631408963
String,NearlySorted,ARS Gen 6: Aero Architecture,1000000,53.0675,14500393,0,15592691470,1631412993
String,NearlySorted,ARS Gen 6: Aero (Stable),1000000,50.0843,9777292,0,15597167172,1631421040
String,Duplicates,Timsort,1000,0.0926,10844,0,15601170654,1631431049
String,Duplicates,PDQsort,1000,0.0708,10207,0,15601172643,1631458023
String,Duplicates,Mergesort,1000,0.0878,10844,0,15601180012,1631481251
String,Duplicates,Heapsort,1000,0.2455,10925,1000,15601183089,1631510377
String,Duplicates,Introsort,1000,0.1265,10783,0,15601195900,1631549471
String,Duplicates,Spreadsort / Radix Hybrid,1000,0.0754,0,0,15601197699,1631600306
String,Duplicates,IPS4o,1000,0.0841,11253,0,15601198014,1631622451
String,Duplicates,Fluxsort,1000,0.1067,10694,0,15601202055,1631657662
String,Duplicates,AFSort,1000,0.0595,0,0,15601204365,1631700127
String,Duplicates,UniversalRadix,1000,0.2958,0,0,15601206561,1631715820
String,Duplicates,ARS Gen 5: Optimized Apex (MAIN),1000,0.0745,10207,0,15601212654,1631726031
String,Duplicates,ARS Gen 5: Optimized Apex (Stable),1000,0.0907,10844,0,15601214315,1631749391
String,Duplicates,ARS Gen 6: Aero Architecture,1000,0.0774,10207,0,15601215333,1631777224
String,Duplicates,ARS Gen 6: Aero (Stable),1000,0.0880,10844,0,15601217595,1631800312
String,Duplicates,Timsort,10000,1.1456,141870,0,15601247190,1631849192
String,Duplicates,PDQsort,10000,0.9292,137543,0,15601306344,1632094785
String,Duplicates,Mergesort,10000,1.0901,141870,0,15601357551,1632319004
String,Duplicates,Heapsort,10000,3.7068,143174,10000,15601471100,1632574052
String,Duplicates,Introsort,10000,1.6551,147715,0,15601642677,1632915538
String,Duplicates,Spreadsort / Radix Hybrid,10000,0.9493,0,0,15601713774,1633546814
String,Duplicates,IPS4o,10000,0.4588,147362,0,15601745981,1633732650
String,Duplicates,Fluxsort,10000,1.2625,141893,0,15601813215,1633776424
String,Duplicates,AFSort,10000,0.7300,0,0,15601879501,1634112016
String,Duplicates,UniversalRadix,10000,3.5473,0,0,15601941259,1634263932
String,Duplicates,ARS Gen 5: Optimized Apex (MAIN),10000,0.2626,66867,0,15602021832,1634322830
String,Duplicates,ARS Gen 5: Optimized Apex (Stable),10000,0.2661,70413,0,15602030019,1634325451
String,Duplicates,ARS Gen 6: Aero Architecture,10000,0.5207,61937,0,15602058144,1634329197
String,Duplicates,ARS Gen 6: Aero (Stable),10000,0.5240,65189,0,15602134138,1634340026
String,Duplicates,Timsort,100000,17.0522,1757941,0,15602900233,1634624096
String,Duplicates,PDQsort,100000,13.0141,1717013,0,15613516295,1637445108
String,Duplicates,Mergesort,100000,15.3653,1757941,0,15617130672,1640030687
String,Duplicates,Heapsort,100000,59.3024,1763370,100000,15624871311,1642943662
String,Duplicates,Introsort,100000,22.9714,1890604,0,15638777501,1646736745
String,Duplicates,Spreadsort / Radix Hybrid,100000,11.5589,0,0,15643039809,1654588747
String,Duplicates,IPS4o,100000,3.5382,1823346,0,15645371285,1656720701
String,Duplicates,Fluxsort,100000,16.5856,1749474,0,15646931477,1657157442
String,Duplicates,AFSort,100000,10.7777,0,0,15651311221,1660773980
String,Duplicates,UniversalRadix,100000,52.2726,0,0,15658979729,1662284591
String,Duplicates,ARS Gen 5: Optimized Apex (MAIN),100000,3.0700,1031468,0,15696809988,1662830539
String,Duplicates,ARS Gen 5: Optimized Apex (Stable),100000,3.1790,1071363,0,15696840319,1662833867
String,Duplicates,ARS Gen 6: Aero Architecture,100000,3.3065,975818,0,15696893539,1662838101
String,Duplicates,ARS Gen 6: Aero (Stable),100000,3.4431,1017708,0,15697188113,1662849920
String,Duplicates,Timsort,1000000,315.2197,20898765,0,15734535279,1665989653
String,Duplicates,PDQsort,1000000,223.6474,20530943,0,16105917376,1698680155
String,Duplicates,Mergesort,1000000,306.0221,20898765,0,16431332792,1727600846
String,Duplicates,Heapsort,1000000,1891.4498,20924442,1000000,16936158375,1759803549
String,Duplicates,Introsort,1000000,328.3031,22500493,0,18537042551,1806227412
String,Duplicates,Spreadsort / Radix Hybrid,1000000,227.2186,0,0,18841634009,1899836214
String,Duplicates,IPS4o,1000000,121.4261,21882944,0,19128092678,1925084060
String,Duplicates,Fluxsort,1000000,253.4389,20826175,0,19170951990,1929715222
String,Duplicates,AFSort,1000000,158.4657,0,0,19460151736,1968117098
String,Duplicates,UniversalRadix,1000000,1201.0251,0,0,19718826347,1982049864
String,Duplicates,ARS Gen 5: Optimized Apex (MAIN),1000000,50.3216,12250448,0,20928378234,1987641706
String,Duplicates,ARS Gen 5: Optimized Apex (Stable),1000000,55.5108,12671508,0,20928425441,1987645078
String,Duplicates,ARS Gen 6: Aero Architecture,1000000,61.5641,13281833,0,20928933640,1987649483
String,Duplicates,ARS Gen 6: Aero (Stable),1000000,72.9421,13690144,0,20932830847,1987661745
Custom,Random,Timsort,1000,0.0305,10830,0,20936471545,1987674773
Custom,Random,PDQsort,1000,0.0223,10093,0,20936471687,1987692470
Custom,Random,Mergesort,1000,0.0332,10830,0,20936471718,1987703109
Custom,Random,Heapsort,1000,0.0544,10846,1000,20936472297,1987721525
Custom,Random,Introsort,1000,0.0507,10378,0,20936473553,1987740390
Custom,Random,IPS4o,1000,0.0284,11326,0,20936474916,1987778927
Custom,Random,Fluxsort,1000,0.0301,10514,0,20936475899,1987798134
Custom,Random,ARS Gen 5: Optimized Apex (MAIN),1000,0.0318,10093,0,20936476194,1987809593
Custom,Random,ARS Gen 5: Optimized Apex (Stable),1000,0.0369,10830,0,20936476340,1987820689
Custom,Random,ARS Gen 6: Aero Architecture,1000,0.0253,10093,0,20936476479,1987838370
Custom,Random,ARS Gen 6: Aero (Stable),1000,0.0354,10830,0,20936476502,1987849098
Custom,Random,Timsort,10000,0.3812,130440,0,20936476819,1987879311
Custom,Random,PDQsort,10000,0.2833,129195,0,20936516648,1988008501
Custom,Random,Mergesort,10000,0.3805,130440,0,20936517151,1988095692
Custom,Random,Heapsort,10000,0.8289,142627,10000,20936559176,1988232021
Custom,Random,Introsort,10000,0.5538,114070,0,20936594634,1988410263
Custom,Random,IPS4o,10000,0.1237,126700,0,20936605635,1988840566
Custom,Random,Fluxsort,10000,0.2957,140037,0,20936612952,1988853268
Custom,Random,ARS Gen 5: Optimized Apex (MAIN),10000,0.1472,44973,0,20936648191,1988951490
Custom,Random,ARS Gen 5: Optimized Apex (Stable),10000,0.1553,50118,0,20936651963,1988953521
Custom,Random,ARS Gen 6: Aero Architecture,10000,0.1894,44973,0,20936656975,1988955923
Custom,Random,ARS Gen 6: Aero (Stable),10000,0.1819,50118,0,20936673488,1988965219
Custom,Random,Timsort,100000,3.4611,1164820,0,20936968016,1988985629
Custom,Random,PDQsort,100000,2.1364,1160754,0,20938854314,1989087785
Custom,Random,Mergesort,100000,3.3662,1164820,0,20939432607,1989129063
Custom,Random,Heapsort,100000,15.1257,1761103,100000,20941375612,1989359853
Custom,Random,Introsort,100000,5.3956,1120308,0,20944217492,1990971207
Custom,Random,IPS4o,100000,0.7473,1182458,0,20945017476,1994825819
Custom,Random,Fluxsort,100000,3.7318,1536986,0,20945491888,1994904818
Custom,Random,ARS Gen 5: Optimized Apex (MAIN),100000,1.2885,369990,0,20946510688,1995495708
Custom,Random,ARS Gen 5: Optimized Apex (Stable),100000,1.3112,369266,0,20946538551,1995498713
Custom,Random,ARS Gen 6: Aero Architecture,100000,1.2527,429927,0,20946596361,1995502907
Custom,Random,ARS Gen 6: Aero (Stable),100000,1.2803,430110,0,20946854489,1995516441
Custom,Random,Timsort,1000000,51.0444,12327674,0,20952805852,1995552674
Custom,Random,PDQsort,1000000,26.9933,11278501,0,21007603524,1995779028
Custom,Random,Mergesort,1000000,51.7979,12327674,0,21030097914,1995847229
Custom,Random,Heapsort,1000000,637.8360,20916786,1000000,21134140364,1997493589
Custom,Random,Introsort,1000000,54.1161,11452051,0,21590696858,2014373641
Custom,Random,IPS4o,1000000,16.1422,11580453,0,21609386575,2051869848
Custom,Random,Fluxsort,1000000,36.4105,13480908,0,21617432179,2052103635
Custom,Random,ARS Gen 5: Optimized Apex (MAIN),1000000,13.9510,999000,0,21655219772,2053203361
Custom,Random,ARS Gen 5: Optimized Apex (Stable),1000000,13.9043,999000,0,21655277588,2053207006
Custom,Random,ARS Gen 6: Aero Architecture,1000000,14.6750,4017480,0,21655737965,2053212065
Custom,Random,ARS Gen 6: Aero (Stable),1000000,16.1023,4022991,0,21659846909,2053225637
Custom,Gaussian,Timsort,1000,0.0329,10830,0,21663543729,2053239483
Custom,Gaussian,PDQsort,1000,0.0236,10093,0,21663543829,2053257070
Custom,Gaussian,Mergesort,1000,0.0354,10830,0,21663543884,2053267623
Custom,Gaussian,Heapsort,1000,0.0578,10846,1000,21663544512,2053286017
Custom,Gaussian,Introsort,1000,0.0536,10378,0,21663545666,2053305016
Custom,Gaussian,IPS4o,1000,0.0299,11326,0,21663546135,2053343504
Custom,Gaussian,Fluxsort,1000,0.0312,10514,0,21663546707,2053362552
Custom,Gaussian,ARS Gen 5: Optimized Apex (MAIN),1000,0.0258,10093,0,21663547108,2053373867
Custom,Gaussian,ARS Gen 5: Optimized Apex (Stable),1000,0.0368,10830,0,21663547413,2053384538
Custom,Gaussian,ARS Gen 6: Aero Architecture,1000,0.0256,10093,0,21663548338,2053402275
Custom,Gaussian,ARS Gen 6: Aero (Stable),1000,0.0375,10830,0,21663549037,2053413059
Custom,Gaussian,Timsort,10000,0.4066,130440,0,21663550756,2053443358
Custom,Gaussian,PDQsort,10000,0.3009,129195,0,21663582549,2053572176
Custom,Gaussian,Mergesort,10000,0.3942,130440,0,21663596011,2053659070
Custom,Gaussian,Heapsort,10000,0.8754,142627,10000,21663645356,2053795057
Custom,Gaussian,Introsort,10000,0.5908,114070,0,21663726248,2053973437
Custom,Gaussian,IPS4o,10000,0.1824,126700,0,21663736515,2054403302
Custom,Gaussian,Fluxsort,10000,0.3177,140037,0,21663742771,2054416614
Custom,Gaussian,ARS Gen 5: Optimized Apex (MAIN),10000,0.1608,44973,0,21663783933,2054514165
Custom,Gaussian,ARS Gen 5: Optimized Apex (Stable),10000,0.1670,50118,0,21663788823,2054516365
Custom,Gaussian,ARS Gen 6: Aero Architecture,10000,0.1839,44973,0,21663794126,2054518700
Custom,Gaussian,ARS Gen 6: Aero (Stable),10000,0.1926,50118,0,21663811838,2054528201
Custom,Gaussian,Timsort,100000,3.2397,1164820,0,21664019784,2054548238
Custom,Gaussian,PDQsort,100000,2.0126,1160754,0,21665733043,2054650074
Custom,Gaussian,Mergesort,100000,3.1954,1164820,0,21666361782,2054691506
Custom,Gaussian,Heapsort,100000,14.3459,1761103,100000,21668247433,2054922632
Custom,Gaussian,Introsort,100000,5.1053,1120308,0,21671003593,2056536699
Custom,Gaussian,IPS4o,100000,0.7472,1182458,0,21671470148,2060393991
Custom,Gaussian,Fluxsort,100000,3.7928,1536986,0,21671955836,2060473032
Custom,Gaussian,ARS Gen 5: Optimized Apex (MAIN),100000,1.2946,369990,0,21672967003,2061062601
Custom,Gaussian,ARS Gen 5: Optimized Apex (Stable),100000,1.3005,369266,0,21672995726,2061065626
Custom,Gaussian,ARS Gen 6: Aero Architecture,100000,1.3372,429927,0,21673064264,2061069890
Custom,Gaussian,ARS Gen 6: Aero (Stable),100000,1.2860,430110,0,21673376576,2061083291
Custom,Gaussian,Timsort,1000000,51.5186,12327674,0,21679585823,2061120565
Custom,Gaussian,PDQsort,1000000,26.8825,11278501,0,21733507017,2061349696
Custom,Gaussian,Mergesort,1000000,51.4361,12327674,0,21755618712,2061421598
Custom,Gaussian,Heapsort,1000000,650.3364,20916786,1000000,21858885961,2063070416
Custom,Gaussian,Introsort,1000000,54.1106,11452051,0,22323288753,2079970636
Custom,Gaussian,IPS4o,1000000,15.6074,11580453,0,22342012828,2117471124
Custom,Gaussian,Fluxsort,1000000,36.9592,13480908,0,22350094483,2117704849
Custom,Gaussian,ARS Gen 5: Optimized Apex (MAIN),1000000,13.9283,999000,0,22387268303,2118805773
Custom,Gaussian,ARS Gen 5: Optimized Apex (Stable),1000000,13.9933,999000,0,22387326887,2118809396
Custom,Gaussian,ARS Gen 6: Aero Architecture,1000000,14.8434,4017480,0,22387744113,2118814114
Custom,Gaussian,ARS Gen 6: Aero (Stable),1000000,15.4678,4022991,0,22391757048,2118827576
Custom,NearlySorted,Timsort,1000,0.0331,10830,0,22395393917,2118841186
Custom,NearlySorted,PDQsort,1000,0.0224,10093,0,22395394020,2118858903
Custom,NearlySorted,Mergesort,1000,0.0324,10830,0,22395394070,2118869501
Custom,NearlySorted,Heapsort,1000,0.0538,10846,1000,22395394428,2118888047
Custom,NearlySorted,Introsort,1000,0.0507,10378,0,22395395380,2118906927
Custom,NearlySorted,IPS4o,1000,0.0277,11326,0,22395396416,2118945565
Custom,NearlySorted,Fluxsort,1000,0.0316,10514,0,22395396874,2118964800
Custom,NearlySorted,ARS Gen 5: Optimized Apex (MAIN),1000,0.0238,10093,0,22395397823,2118976234
Custom,NearlySorted,ARS Gen 5: Optimized Apex (Stable),1000,0.0356,10830,0,22395397908,2118986951
Custom,NearlySorted,ARS Gen 6: Aero Architecture,1000,0.0242,10093,0,22395400043,2119004690
Custom,NearlySorted,ARS Gen 6: Aero (Stable),1000,0.0357,10830,0,22395400349,2119015347
Custom,NearlySorted,Timsort,10000,0.3795,130440,0,22395401074,2119045614
Custom,NearlySorted,PDQsort,10000,0.2776,129195,0,22395430217,2119174146
Custom,NearlySorted,Mergesort,10000,0.3810,130440,0,22395440541,2119261495
Custom,NearlySorted,Heapsort,10000,0.8596,142627,10000,22395460177,2119397865
Custom,NearlySorted,Introsort,10000,0.5726,114070,0,22395492907,2119575763
Custom,NearlySorted,IPS4o,10000,0.1328,126700,0,22395505509,2120006307
Custom,NearlySorted,Fluxsort,10000,0.2836,140037,0,22395512379,2120019376
Custom,NearlySorted,ARS Gen 5: Optimized Apex (MAIN),10000,0.1479,44973,0,22395568586,2120116978
Custom,NearlySorted,ARS Gen 5: Optimized Apex (Stable),10000,0.1569,50118,0,22395569456,2120119167
Custom,NearlySorted,ARS Gen 6: Aero Architecture,10000,0.1770,44973,0,22395573735,2120121336
Custom,NearlySorted,ARS Gen 6: Aero (Stable),10000,0.1793,50118,0,22395590717,2120130560
Custom,NearlySorted,Timsort,100000,3.5029,1164820,0,22395798794,2120150774
Custom,NearlySorted,PDQsort,100000,2.1238,1160754,0,22397885063,2120254511
Custom,NearlySorted,Mergesort,100000,3.3746,1164820,0,22398484472,2120296134
Custom,NearlySorted,Heapsort,100000,14.5569,1761103,100000,22400404869,2120526801
Custom,NearlySorted,Introsort,100000,5.2264,1120308,0,22403004798,2122141214
Custom,NearlySorted,IPS4o,100000,0.7831,1182458,0,22403737994,2125995462
Custom,NearlySorted,Fluxsort,100000,3.8284,1536986,0,22404313274,2126074833
Custom,NearlySorted,ARS Gen 5: Optimized Apex (MAIN),100000,1.2971,369990,0,22405291347,2126666006
Custom,NearlySorted,ARS Gen 5: Optimized Apex (Stable),100000,1.2682,369266,0,22405319293,2126669215
Custom,NearlySorted,ARS Gen 6: Aero Architecture,100000,1.1871,429927,0,22405383571,2126673253
Custom,NearlySorted,ARS Gen 6: Aero (Stable),100000,1.1866,430110,0,22405628877,2126686875
Custom,NearlySorted,Timsort,1000000,51.6472,12327674,0,22411863943,2126723482
Custom,NearlySorted,PDQsort,1000000,26.4817,11278501,0,22465785048,2126946817
Custom,NearlySorted,Mergesort,1000000,50.7259,12327674,0,22488476299,2127018767
Custom,NearlySorted,Heapsort,1000000,642.6765,20916786,1000000,22591704535,2128686229
Custom,NearlySorted,Introsort,1000000,54.6603,11452051,0,23050590173,2145613644
Custom,NearlySorted,IPS4o,1000000,15.5520,11580453,0,23069408387,2183121005
Custom,NearlySorted,Fluxsort,1000000,37.1278,13480908,0,23077478404,2183352926
Custom,NearlySorted,ARS Gen 5: Optimized Apex (MAIN),1000000,13.8135,999000,0,23114720948,2184457730
Custom,NearlySorted,ARS Gen 5: Optimized Apex (Stable),1000000,13.8828,999000,0,23114778689,2184461351
Custom,NearlySorted,ARS Gen 6: Aero Architecture,1000000,14.8000,4017480,0,23115212497,2184466102
Custom,NearlySorted,ARS Gen 6: Aero (Stable),1000000,14.8554,4022991,0,23119018831,2184479369
Custom,Duplicates,Timsort,1000,0.0384,10830,0,23122558936,2184493097
Custom,Duplicates,PDQsort,1000,0.0281,10093,0,23122559116,2184510668
Custom,Duplicates,Mergesort,1000,0.0381,10830,0,23122559326,2184521313
Custom,Duplicates,Heapsort,1000,0.0620,10846,1000,23122560160,2184539756
Custom,Duplicates,Introsort,1000,0.0573,10378,0,23122564734,2184558708
Custom,Duplicates,IPS4o,1000,0.0322,11326,0,23122564916,2184597351
Custom,Duplicates,Fluxsort,1000,0.0344,10514,0,23122565560,2184616495
Custom,Duplicates,ARS Gen 5: Optimized Apex (MAIN),1000,0.0272,10093,0,23122567814,2184627952
Custom,Duplicates,ARS Gen 5: Optimized Apex (Stable),1000,0.0386,10830,0,23122568445,2184638686
Custom,Duplicates,ARS Gen 6: Aero Architecture,1000,0.0274,10093,0,23122569876,2184656429
Custom,Duplicates,ARS Gen 6: Aero (Stable),1000,0.0398,10830,0,23122569987,2184667146
Custom,Duplicates,Timsort,10000,0.4364,130440,0,23122570484,2184697420
Custom,Duplicates,PDQsort,10000,0.3250,129195,0,23122622468,2184826655
Custom,Duplicates,Mergesort,10000,0.4471,130440,0,23122647556,2184914225
Custom,Duplicates,Heapsort,10000,1.0069,142627,10000,23122707576,2185050730
Custom,Duplicates,Introsort,10000,0.6198,114070,0,23122792959,2185229265
Custom,Duplicates,IPS4o,10000,0.2006,126700,0,23122812806,2185660127
Custom,Duplicates,Fluxsort,10000,0.4107,140037,0,23122840052,2185673476
Custom,Duplicates,ARS Gen 5: Optimized Apex (MAIN),10000,0.1831,44973,0,23122893100,2185771548
Custom,Duplicates,ARS Gen 5: Optimized Apex (Stable),10000,0.1784,50118,0,23122898963,2185773410
Custom,Duplicates,ARS Gen 6: Aero Architecture,10000,0.1559,44973,0,23122906443,2185775933
Custom,Duplicates,ARS Gen 6: Aero (Stable),10000,0.1762,50118,0,23122915192,2185785325
Custom,Duplicates,Timsort,100000,3.4245,1164820,0,23123111438,2185805347
Custom,Duplicates,PDQsort,100000,2.0936,1160754,0,23124876588,2185906581
Custom,Duplicates,Mergesort,100000,3.3008,1164820,0,23125364708,2185947787
Custom,Duplicates,Heapsort,100000,14.8368,1761103,100000,23127385926,2186177443
Custom,Duplicates,Introsort,100000,5.3529,1120308,0,23130156285,2187791947
Custom,Duplicates,IPS4o,100000,0.7324,1182458,0,23130729955,2191647245
Custom,Duplicates,Fluxsort,100000,3.8275,1536986,0,23131177181,2191726150
Custom,Duplicates,ARS Gen 5: Optimized Apex (MAIN),100000,1.2417,369990,0,23132248594,2192315821
Custom,Duplicates,ARS Gen 5: Optimized Apex (Stable),100000,1.3808,369266,0,23132275793,2192318626
Custom,Duplicates,ARS Gen 6: Aero Architecture,100000,1.2467,429927,0,23132343722,2192322731
Custom,Duplicates,ARS Gen 6: Aero (Stable),100000,1.3638,430110,0,23132610397,2192336309
Custom,Duplicates,Timsort,1000000,51.0897,12327674,0,23138547192,2192372879
Custom,Duplicates,PDQsort,1000000,26.4477,11278501,0,23193850865,2192599181
Custom,Duplicates,Mergesort,1000000,51.1898,12327674,0,23216783428,2192671037
Custom,Duplicates,Heapsort,1000000,661.4206,20916786,1000000,23321110288,2194297439
Custom,Duplicates,Introsort,1000000,53.9710,11452051,0,23783111495,2211126085
Custom,Duplicates,IPS4o,1000000,16.6145,11580453,0,23802411525,2248620092
Custom,Duplicates,Fluxsort,1000000,36.7645,13480908,0,23810629449,2248852521
Custom,Duplicates,ARS Gen 5: Optimized Apex (MAIN),1000000,13.8275,999000,0,23847071394,2249948726
Custom,Duplicates,ARS Gen 5: Optimized Apex (Stable),1000000,13.9646,999000,0,23847128867,2249952264
Custom,Duplicates,ARS Gen 6: Aero Architecture,1000000,14.5554,4017480,0,23847629421,2249957236
Custom,Duplicates,ARS Gen 6: Aero (Stable),1000000,16.1876,4022991,0,23851755060,2249970914
